key,title,year,month,day,journal,issn,volume,issue,pages,authors,url,language,publisher,location,abstract,notes,doi,keywords,pubmed_id,pmc_id
rayyan-642890869,Improving snore detection under limited dataset through harmonic/percussive source separation and convolutional neural networks,2024,1,1,,,,,,F. D. Gonzalez-Martinez and J. J. Carabias-Orti and F. J. Canadas-Quesada and N. Ruiz-Reyes and D. Martinez-Munoz and S. Garcia-Galan,http://arxiv.org/abs/2410.23796v1,,,,"Snoring, an acoustic biomarker commonly observed in individuals with Obstructive Sleep Apnoea Syndrome (OSAS), holds significant potential for diagnosing and monitoring this recognized clinical disorder. Irrespective of snoring types, most snoring instances exhibit identifiable harmonic patterns manifested through distinctive energy distributions over time. In this work, we propose a novel method to differentiate monaural snoring from non-snoring sounds by analyzing the harmonic content of the input sound using harmonic/percussive sound source separation (HPSS). The resulting feature, based on the harmonic spectrogram from HPSS, is employed as input data for conventional neural network architectures, aiming to enhance snoring detection performance even under a limited data learning framework. To evaluate the performance of our proposal, we studied two different scenarios: 1) using a large dataset of snoring and interfering sounds, and 2) using a reduced training set composed of around 1% of the data material. In the former scenario, the proposed HPSS-based feature provides competitive results compared to other input features from the literature. However, the key advantage of the proposed method lies in the superior performance of the harmonic spectrogram derived from HPSS in a limited data learning context. In this particular scenario, using the proposed harmonic feature significantly enhances the performance of all the studied architectures in comparison to the classical input features documented in the existing literature. This finding clearly demonstrates that incorporating harmonic content enables more reliable learning of the essential time-frequency characteristics that are prevalent in most snoring sounds, even in scenarios where the amount of training data is limited.","RAYYAN-INCLUSION: {""Đặng Gia""=>""Included""} | USER-NOTES: {""Đặng Gia""=>[""IC-P, IC-I, IC-C, IC-E"", ""IC-L, IC-T, IC-Y, IC-P, IC-C, IC-E""]}",10.1016/j.apacoust.2023.109811,"",,
rayyan-642890873,A Recall-First CNN for Sleep Apnea Screening from Snoring Audio,2025,1,1,,,,,,Anushka Mallick and Afiya Noorain and Ashwin Menon and Ashita Solanki and Keertan Balaji,http://arxiv.org/abs/2510.00052v1,,,,"Sleep apnea is a serious sleep-related breathing disorder that is common and can impact health if left untreated. Currently the traditional method for screening and diagnosis is overnight polysomnography. Polysomnography is expensive and takes a lot of time, and is not practical for screening large groups of people. In this paper, we explored a more accessible option, using respiratory audio recordings to spot signs of apnea.We utilized 18 audio files.The approach involved converting breathing sounds into spectrograms, balancing the dataset by oversampling apnea segments, and applying class weights to reduce bias toward the majority class. The model reached a recall of 90.55 for apnea detection. Intentionally, prioritizing catching apnea events over general accuracy. Despite low precision,the high recall suggests potential as a low-cost screening tool that could be used at home or in basic clinical setups, potentially helping identify at-risk individuals much earlier.","RAYYAN-INCLUSION: {""Đặng Gia""=>""Included""} | USER-NOTES: {""Đặng Gia""=>[""IC-P, IC-I, IC-C, IC-E"", ""IC-L, IC-T, IC-Y, IC-P, IC-C, IC-E""]}",,"",,
rayyan-642890874,Deep Learning-Based Automatic Multi-Level Airway Collapse Monitoring on Obstructive Sleep Apnea Patients,2024,1,1,,,,,,Ying-Chieh Hsu and Stanley Yung-Chuan Liu and Chao-Jung Huang and Chi-Wei Wu and Ren-Kai Cheng and Jane Yung-Jen Hsu and Shang-Ran Huang and Yuan-Ren Cheng and Fu-Shun Hsu,http://arxiv.org/abs/2408.16030v2,,,,"This study investigated the use of deep learning to identify multi-level upper airway collapses in obstructive sleep apnea (OSA) patients based on snoring sounds. We fi-ne-tuned ResNet-50 and Audio Spectrogram Transformer (AST) models using snoring recordings from 37 subjects undergoing drug-induced sleep endoscopy (DISE) between 2020 and 2021. Snoring sounds were labeled according to the VOTE (Velum, Orophar-ynx, Tongue Base, Epiglottis) classification, resulting in 259 V, 403 O, 77 T, 13 E, 1016 VO, 46 VT, 140 OT, 39 OE, 30 VOT, and 3150 non-snoring (N) 0.5-second clips. The models were trained for two multi-label classification tasks: identifying obstructions at V, O, T, and E levels, and identifying retropalatal (RP) and retroglossal (RG) obstruc-tions. Results showed AST slightly outperformed ResNet-50, demonstrating good abil-ity to identify V (F1-score: 0.71, MCC: 0.61, AUC: 0.89), O (F1-score: 0.80, MCC: 0.72, AUC: 0.94), and RP obstructions (F1-score: 0.86, MCC: 0.77, AUC: 0.97). However, both models struggled with T, E, and RG classifications due to limited data. Retrospective analysis of a full-night recording showed the potential to profile airway obstruction dynamics. We expect this information, combined with polysomnography and other clinical parameters, can aid clinical triage and treatment planning for OSA patients.","RAYYAN-INCLUSION: {""Đặng Gia""=>""Excluded""} | USER-NOTES: {""Đặng Gia""=>[""IC-P, IC-I, IC-C, IC-E"", ""EC-W""]}",,"",,
rayyan-642890875,"Validation of a new, minimally-invasive, software smartphone device to predict sleep apnea and its severity: transversal study",2024,1,1,,,,,,Justine Frija and Juliette Millet and Emilie Bequignon and Ala Covali and Guillaume Cathelain and Josselin Houenou and Helene Benzaquen and Pierre Alexis Geoffroy and Emmanuel Bacry and Mathieu Grajoszex and Marie-Pia d Ortho,http://arxiv.org/abs/2406.16953v1,,,,"Obstructive sleep apnea (OSA) is frequent and responsible for cardiovascular complications and excessive daytime sleepiness. It is underdiagnosed due to the difficulty to access the gold standard for diagnosis, polysomnography (PSG). Alternative methods using smartphone sensors could be useful to increase diagnosis. The objective is to assess the performances of Apneal, an application that records the sound using a smartphone's microphone and movements thanks to a smartphone's accelerometer and gyroscope, to estimate patients' AHI. In this article, we perform a monocentric proof-of-concept study with a first manual scoring step, and then an automatic detection of respiratory events from the recorded signals using a sequential deep-learning model which was released internally at Apneal at the end of 2022 (version 0.1 of Apneal automatic scoring of respiratory events), in adult patients during in-hospital polysomnography.46 patients (women 34 per cent, mean BMI 28.7 kg per m2) were included. For AHI superior to 15, sensitivity of manual scoring was 0.91, and positive predictive value (PPV) 0.89. For AHI superior to 30, sensitivity was 0.85, PPV 0.94. We obtained an AUC-ROC of 0.85 and an AUC-PR of 0.94 for the identification of AHI superior to 15, and AUC-ROC of 0.95 and AUC-PR of 0.93 for AHI superior to 30. Promising results are obtained for the automatic annotations of events.This article shows that manual scoring of smartphone-based signals is possible and accurate compared to PSG-based scorings. Automatic scoring method based on a deep learning model provides promising results. A larger multicentric validation study, involving subjects with different SAHS severity is required to confirm these results.","RAYYAN-INCLUSION: {""Đặng Gia""=>""Excluded""} | USER-NOTES: {""Đặng Gia""=>[""IC-P, IC-I, IC-C, IC-E"", ""IC-L, IC-T, IC-Y, IC-P, IC-C, IC-E"", ""EC-W""]}",,"",,
rayyan-642890876,Estimating Respiratory Effort from Nocturnal Breathing Sounds for Obstructive Sleep Apnoea Screening,2025,1,1,,,,,,Xiaolei Xu and Chaoyue Niu and Guy J. Brown and Hector Romero and Ning Ma,http://arxiv.org/abs/2509.14944v2,,,,"Obstructive sleep apnoea (OSA) is a prevalent condition with significant health consequences, yet many patients remain undiagnosed due to the complexity and cost of over-night polysomnography. Acoustic-based screening provides a scalable alternative, yet performance is limited by environmental noise and the lack of physiological context. Respiratory effort is a key signal used in clinical scoring of OSA events, but current approaches require additional contact sensors that reduce scalability and patient comfort. This paper presents the first study to estimate respiratory effort directly from nocturnal audio, enabling physiological context to be recovered from sound alone. We propose a latent-space fusion framework that integrates the estimated effort embeddings with acoustic features for OSA detection. Using a dataset of 157 nights from 103 participants recorded in home environments, our respiratory effort estimator achieves a concordance correlation coefficient of 0.48, capturing meaningful respiratory dynamics. Fusing effort and audio improves sensitivity and AUC over audio-only baselines, especially at low apnoea-hypopnoea index thresholds. The proposed approach requires only smartphone audio at test time, which enables sensor-free, scalable, and longitudinal OSA monitoring.","RAYYAN-INCLUSION: {""Đặng Gia""=>""Included""} | USER-NOTES: {""Đặng Gia""=>[""IC-P, IC-I, IC-C, IC-E"", ""IC-L, IC-T, IC-Y, IC-P, IC-C, IC-E""]}",,"",,
rayyan-642890879,Automatic Classification of OSA related Snoring Signals from Nocturnal Audio Recordings,2021,1,1,,,,,,Arun Sebastian and Peter A. Cistulli and Gary Cohen and Philip de Chazal,http://arxiv.org/abs/2102.12829v2,,,,"In this study, the development of an automatic algorithm is presented to classify the nocturnal audio recording of an obstructive sleep apnoea (OSA) patient as OSA related snore, simple snore and other sounds. Recent studies has been shown that knowledge regarding the OSA related snore could assist in identifying the site of airway collapse. Audio signal was recorded simultaneously with full-night polysomnography during sleep with a ceiling microphone. Time and frequency features of the nocturnal audio signal were extracted to classify the audio signal into OSA related snore, simple snore and other sounds. Two algorithms were developed to extract OSA related snore using an linear discriminant analysis (LDA) classifier based on the hypothesis that OSA related snoring can assist in identifying the site-of-upper airway collapse. An unbiased nested leave-one patient-out cross-validation process was used to select a high performing feature set from the full set of features. Results indicated that the algorithm achieved an accuracy of 87% for identifying snore events from the audio recordings and an accuracy of 72% for identifying OSA related snore events from the snore events. The direct method to extract OSA-related snore events using a multi-class LDA classifier achieved an accuracy of 64% using the feature selection algorithm. Our results gives a clear indication that OSA-related snore events can be extracted from nocturnal sound recordings, and therefore could potentially be used as a new tool for identifying the site of airway collapse from the nocturnal audio recordings.","RAYYAN-INCLUSION: {""Đặng Gia""=>""Included""} | USER-NOTES: {""Đặng Gia""=>[""IC-P, IC-I, IC-C, IC-E"", ""IC-L, IC-T, IC-Y, IC-P, IC-C, IC-E""]}",,"",,
rayyan-642890881,"A Snoring Sound Dataset for Body Position Recognition: Collection, Annotation, and Analysis",2023,1,1,,,,,,Li Xiao and Xiuping Yang and Xinhong Li and Weiping Tu and Xiong Chen and Weiyan Yi and Jie Lin and Yuhong Yang and Yanzhen Ren,http://arxiv.org/abs/2307.13346v1,,,,"Obstructive Sleep Apnea-Hypopnea Syndrome (OSAHS) is a chronic breathing disorder caused by a blockage in the upper airways. Snoring is a prominent symptom of OSAHS, and previous studies have attempted to identify the obstruction site of the upper airways by snoring sounds. Despite some progress, the classification of the obstruction site remains challenging in real-world clinical settings due to the influence of sleep body position on upper airways. To address this challenge, this paper proposes a snore-based sleep body position recognition dataset (SSBPR) consisting of 7570 snoring recordings, which comprises six distinct labels for sleep body position: supine, supine but left lateral head, supine but right lateral head, left-side lying, right-side lying and prone. Experimental results show that snoring sounds exhibit certain acoustic features that enable their effective utilization for identifying body posture during sleep in real-world scenarios.","RAYYAN-INCLUSION: {""Đặng Gia""=>""Excluded""} | USER-NOTES: {""Đặng Gia""=>[""IC-P, IC-I, IC-C, IC-E"", ""EC-W""]}",,"",,
rayyan-642890885,"A Sleep Monitoring System Based on Audio, Video and Depth Information",2025,1,1,,,,,,Lyn Chao-ling Chen and Kuan-Wen Chen and Yi-Ping Hung,http://arxiv.org/abs/2512.06282v1,,,,"For quantitative evaluation of sleep disturbances, a noninvasive monitoring system is developed by introducing an event-based method. We observe sleeping in home context and classify the sleep disturbances into three types of events: motion events, light-on/off events and noise events. A device with an infrared depth sensor, a RGB camera, and a four-microphone array is used in sleep monitoring in an environment with barely light sources. One background model is established in depth signals for measuring magnitude of movements. Because depth signals cannot observe lighting changes, another background model is established in color images for measuring magnitude of lighting effects. An event detection algorithm is used to detect occurrences of events from the processed data of the three types of sensors. The system was tested in sleep condition and the experiment result validates the system reliability.","RAYYAN-INCLUSION: {""Đặng Gia""=>""Excluded""} | USER-NOTES: {""Đặng Gia""=>[""IC-P, IC-I, IC-C, IC-E"", ""IC-Y""]}",,"",,
rayyan-642890888,Integrating Health Sensing into Cellular Networks: Human Sleep Monitoring Using 5G Signals,2026,1,1,,,,,,Ruxin Lin and Peihao Yan and Jie Lu and Qijun Wang and Huacheng Zeng,http://arxiv.org/abs/2603.02558v1,,,,"Cellular networks offer a unique opportunity to enable device-free and wide-area health monitoring by exploiting the sensitivity of radio-frequency (RF) propagation to human physiological activities. In this paper, we present the first experimental study of human sleep monitoring using realistic 5G signals collected from commercial cellular infrastructure. We investigate a practical scenario in which a smartphone is placed near a bed, and a 5G base station periodically configures uplink sounding reference signal (SRS) transmissions to obtain fine-grained channel state information (CSI). Leveraging uplink CSI measurements, we design a lightweight signal processing pipeline for respiration rate estimation and a CNN model for sleep body movement classification. Through extensive experiments conducted on an indoor private 5G network, our system achieves over 91.2% accuracy in respiration rate estimation and 85.5% accuracy in sleep movement classification.","RAYYAN-INCLUSION: {""Đặng Gia""=>""Excluded""} | USER-NOTES: {""Đặng Gia""=>[""IC-P, IC-I, IC-C, IC-E"", ""IC-C, IC-I""]}",,"",,
rayyan-642890889,who is snoring? snore based user recognition,2023,1,1,,,,,,Shenghao Li and Jagmohan Chauhan,http://arxiv.org/abs/2301.12209v1,,,,"Snoring is one of the most prominent symptoms of Obstructive Sleep Apnea-Hypopnea Syndrome (OSAH), a highly prevalent disease that causes repetitive collapse and cessation of the upper airway. Thus, accurate snore sound monitoring and analysis is crucial. However, the traditional monitoring method polysomnography (PSG) requires the patients to stay at a sleep clinic for the whole night and be connected to many pieces of equipment. An alternative and less invasive way is passive monitoring using a smartphone at home or in the clinical settings. But, there is a challenge: the environment may be shared by people such that the raw audio may contain the snore activities of the bed partner or other person. False capturing of the snoring activity could lead to critical false alarms and misdiagnosis of the patients. To address this limitation, we propose a hypothesis that snore sound contains unique identity information which can be used for user recognition. We analyzed various machine learning models: Gaussian Mixture Model (GMM), GMM-UBM (Universial Background Model), and a Deep Neural Network (DNN) on MPSSC - an open source snoring dataset to evaluate the validity of our hypothesis. Our results are promising as we achieved around 90% accuracy in identification and verification tasks. This work marks the first step towards understanding the practicality of snore based user monitoring to enable multiple healthcare applicaitons.","RAYYAN-INCLUSION: {""Đặng Gia""=>""Included""} | USER-NOTES: {""Đặng Gia""=>[""IC-P, IC-I, IC-C, IC-E"", ""IC-L, IC-T, IC-Y, IC-P, IC-C, IC-E""]}",,"",,
rayyan-642890902,Pavlok-Nudge: A Feedback Mechanism for Atomic Behaviour Modification with Snoring Usecase,2023,1,1,,,,,,Md Rakibul Hasan and Shreya Ghosh and Pradyumna Agrawal and Zhixi Cai and Abhinav Dhall and Tom Gedeon,http://arxiv.org/abs/2305.06110v5,,,,"This paper proposes an atomic behaviour intervention strategy using the Pavlok wearable device. Pavlok utilises beeps, vibration and shocks as a mode of aversion technique to help individuals with behaviour modification. While the device can be useful in certain periodic daily life situations, like alarms and exercise notifications, it relies on manual operations that limit its usage. To automate behaviour modification, we propose a framework that first detects targeted behaviours through a lightweight deep learning model and subsequently nudges the user. Our proposed solution is implemented and verified in the context of snoring, which captures audio from the environment following a prediction of whether the audio content is a snore or not using a lightweight 1D convolutional neural network. Based on the prediction, we use Pavlok to nudge users for preventive measures, such as a change in sleeping posture. We believe that this simple solution can help people change their atomic habits, which may lead to long-term health benefits. Our proposed lightweight model (99.8% fewer parameters over SOTA; 790,273$\rightarrow$1,337) achieves SOTA test accuracy of 0.99 on a public benchmark. The code and model are publicly available at https://github.com/hasan-rakibul/pavlok-nudge-snore.","RAYYAN-INCLUSION: {""Đặng Gia""=>""Excluded""} | USER-NOTES: {""Đặng Gia""=>[""EC-W""]}",,"",,
rayyan-642890939,Snoring-based obstructive sleep apnea screening and AHI estimation with an adapted pretrained audio model,2026,1,1,,,,,,Heng Li and Yun Lu and Yukun Qian and Lianyu Zhou and Mingjiang Wang and Hanrong Cheng,https://doi.org/10.1088/1361-6579/ae6f6a,,,,"Abstract
                  
                    Objective.
                    Obstructive sleep apnea (OSA) is a common sleep disorder that, if left untreated, can lead to serious health problems. Snoring is a typical symptom of OSA and is commonly used to develop non-contact automatic detection methods for apnea states during sleep. However, scarce snoring data and subject heterogeneity hinder model generalization to unseen subjects.
                    Approach.
                    This study proposed a snoring-based framework for OSA detection and apnea-hypopnea index (AHI) estimation. First, the OSA detection model is based on pretrained audio model Wav2vec 2.0. Considering the high computational complexity of the pretrained model, we adapt Wav2vec 2.0 through two complementary strategies. A layer dropping approach was proposed to prune redundant higher Transformer encoder layers to reduce computational burden while retaining low-level and mid-level acoustic representations relevant to snoring pathology. A cross-layer attention mechanism was introduced to integrate complementary features from different Transformer layers, balancing fine-grained acoustic detail with contextual information. Second, by simulating clinical AHI calculation processes, we introduced statistics including both absolute counts and ratio-based measures to build a regression model for AHI estimation.
                    Main results.
                    Evaluations under subject-dependent and subject-independent settings showed that the proposed framework achieved high abnormal-snoring detection performance with a trade-off between accuracy and computational cost. For AHI estimation, it achieved a mean absolute error of about 11 events h
                    
                      
                        
                      
                      
                        
                          
                            
                            
                              −
                              1
                            
                          
                        
                      
                    
                    and a Pearson correlation coefficient of 0.81.
                    Significance.
                    These results suggest that the task-adapted pretrained model can enhance generalization across unseen subjects and provide preliminary evidence of the feasibility of snoring-based OSA initial screening and AHI estimation.","RAYYAN-INCLUSION: {""Đặng Gia""=>""Excluded""} | USER-NOTES: {""Đặng Gia""=>[""IC-P, IC-I, IC-C, IC-E"", ""no acess""]}",10.1088/1361-6579/ae6f6a,"",,
rayyan-642890941,A Two-Stage Audio Cascade with Coordinate Attention for On-Device Snore and Sleep Apnea Detection,,1,1,,,,,,Yang L.,https://doi.org/10.21203/rs.3.rs-10154077/v1,,,,"Abstract
                Smartphone audio offers a non-contact, low-cost path to sleep-health screening at scale. We present a two-stage on-device cascade for audio-based detection of sleep-disordered breathing. Stage 1 is a compact 2D convolutional neural network (CNN) that classifies each 1-second audio segment, represented as a 15 × 13 Mel-frequency cepstral coefficient matrix, as snore or non-snore. Its per-second binary output, together with sound pressure level and its rate of change, forms a 200 × 3 feature matrix sampled at 1 Hz that is the input to Stage 2, a long-window classifier that decides whether a 200-second window contains an apnea or hypopnea event. For Stage 2 we adapt Coordinate Attention, originally designed for 2D vision, to one-dimensional time series through a global–local fusion that preserves temporal position in a time-by-channel attention map, and compare it against a vanilla 1D CNN and an SE-Attention CNN. On 13,538 one-second segments and 2,953 PSG-labeled 200-second windows from 80 person-nights across 40 participants, evaluated across five seeds with 95% bootstrap confidence intervals, Stage 1 reaches 94.29% accuracy and Stage 2 reaches 87.14% accuracy and 86.94% F1 with only 14,001 parameters — a 93.2% reduction over the baseline — improving six of seven metrics over it. Against SE-Attention, the Coordinate-Attention model gains in precision and specificity rather than F1 or AUC. The cascade's ultra-compact intermediate representation (about 600 values per window) suits on-device inference.","RAYYAN-INCLUSION: {""Đặng Gia""=>""Included""} | USER-NOTES: {""Đặng Gia""=>[""IC-P, IC-I, IC-C, IC-E"", ""IC-L, IC-T, IC-Y, IC-P, IC-C, IC-E""]}",10.21203/rs.3.rs-10154077/v1,"",,
rayyan-642890945,1375 Multi-Night Validation of a Smart Bed for Apnea Detection and AHI Estimation,2025,1,1,,,,,,Farzad Siyahjani and Kostiantyn Kalenyk and Saeed Babaeizadeh and Gary Garcia Molina,https://doi.org/10.1093/sleep/zsaf090.1375,,,,"Abstract
               
                  Introduction
                  Traditional sleep apnea diagnosis typically relies on single-night assessments, which may overlook night-to-night variations in respiratory events. Accurate estimation of the apnea-hypopnea index (AHI) requires multi-night monitoring, preferably leveraging unobtrusive monitoring methods. This study validates the Sleep Number smart bed’s apnea detection algorithm against CerebraTM level 3 In-home Sleep Apnea Testing (HSAT) device for single-night monitoring and introduces and extends its application to multi-night K-AHI estimation. Instead of using smoothing or filtering methods on single night AHIs which generally overlook AHI weights for different nights, we propose the K-AHI index: count of all detected apneic events divided by total sleep hours in K sessions. We also examine the number of nights (K) necessary for reliable AHI assessment, using the HSAT device as a reference. The study received Institutional Review Board (IRB) approval (#P20220412, Allendale IRB), with all team members properly certified.
               
               
                  Methods
                  Data were collected for 93 nights using both the HSAT device and Sleep Number beds and 990 nights with only Sleep Number bed’s ballistocardiograph (BCG) sensor from 11 participants (Age: mean 46.3 ± 6.5 years, Male/Female ratio 7/4, AHI mean 17.86 ± 12.1). Only six nights with missing or short sleep data were excluded from the analysis. Apnea episodes were detected every second by a BCG-processing deep neural network, marking an episode as apneic if it lasted at least 10 seconds. The K-AHI was then calculated for K = 1,..., 31. The HSAT device showed an average nightly AHI standard deviation of 5.8 across participants.
               
               
                  Results
                  The smart bed’s ability to detect AHI &amp;gt; 10 showed a sensitivity of 88% and specificity of 67% and Receiver Operating Characteristic Area Under the Curve (ROC-AUC) of.80 across the 87 nights when compared to the HSAT device on single night. Aggregating data over 14 nights, the smart bed achieved the highest (ROC-AUC) of 0.85 for detecting AHI &amp;gt; 10, with sensitivity and specificity of 94% and 73% respectively.
               
               
                  Conclusion
                  The smart bed’s apnea detection and KAHI metric show promising potential for seamless apnea risk monitoring, serving as an effective early indicator for undiagnosed individuals and enhancing early detection and intervention.
               
               
                  Support (if any)","RAYYAN-INCLUSION: {""Đặng Gia""=>""Excluded""} | USER-NOTES: {""Đặng Gia""=>[""IC-P, IC-I, IC-C, IC-E"", ""EC-S""]}",10.1093/sleep/zsaf090.1375,"",,
rayyan-642890950,ApneaWhisper: Transformer-Based Audio Segmentation for Fine-Grained Non-Invasive Sleep Apnea Detection,2025,1,1,,,,,,Yunu Kim and Myeongbin Kim and Jaemyung Shin and Minsam Ko,https://doi.org/10.2147/nss.s553774,,,,"<h4>Purpose</h4>Sleep apnea is a prevalent sleep disorder with serious health implications. This study introduces ApneaWhisper, a Transformer-based audio segmentation model designed for noninvasive detection of sleep apnea subtypes using PSG-Audio data.<h4>Patients and methods</h4>We utilized a PSG-Audio dataset from 284 patients. ApneaWhisper leverages a pretrained Whisper encoder to extract 10 ms-resolution frame-level features from 20-second audio clips. A lightweight Transformer decoder with token-based segmentation and a classification head aggregates these features for both frame-level and clip-level predictions. The model was fine-tuned using class-balanced cross-entropy loss to address data imbalance across apnea subtypes.<h4>Results</h4>ApneaWhisper achieved strong performance for sleep apnea detection, with a clip-level F1-score of 0.82 and a frame-level F1-score of 0.70, outperforming conventional baselines including MFCC+DNN, VGGish+bi-LSTM, and VAD-based models. It also showed promising ability in distinguishing between OSA, MSA, CSA, and hypopnea, though with varying success.<h4>Conclusion</h4>The model's fine-grained temporal resolution enables precise apnea event localization, duration estimation, and subtype classification. While ApneaWhisper performs robustly for OSA, challenges remain in distinguishing central (CSA) and mixed (MSA) sleep apnea, due to subtle or ambiguous acoustic patterns. The frame-level segmentation also facilitates accurate apnea-hypopnea index (AHI) estimation, which could reduce dependence on full PSG studies in certain clinical and home-monitoring scenarios. Future improvements may involve multimodal integration (eg, oxygen saturation) and noise-robust training techniques.","RAYYAN-INCLUSION: {""Đặng Gia""=>""Included""} | USER-NOTES: {""Đặng Gia""=>[""IC-P, IC-I, IC-C, IC-E"", ""IC-L, IC-T, IC-Y, IC-P, IC-C, IC-E""]}",10.2147/nss.s553774,"",,
rayyan-642890951,1400 Sound-Based AI Model for Estimating Apnea-Hypopnea Index in Sleep Apnea Detection,2025,1,1,,,,,,Seunghun Kim and EunSung Cho and Hankyeol Kyung and Joonki Hong and Dongheon Lee and Ki-Young Jung and In-Young Yoon and Jeong-Whun Kim,https://doi.org/10.1093/sleep/zsaf090.1400,,,,"Abstract
               
                  Introduction
                  Obstructive sleep apnea (OSA) is a common sleep disorder associated with numerous health outcomes. Accurate diagnosis and severity assessment typically rely on the Apnea-Hypopnea Index (AHI), a standard metric obtained from polysomnography (PSG). However, PSG is costly and impractical for multi-night monitoring. This study validates a sound-based AI model to estimate AHI, exploring its potential as a convenient, contactless monitoring tool for long-term OSA management.
               
               
                  Methods
                  The AI model simultaneously predicts OSA events, sleep stages and snoring events. Performance was enhanced by improving data quality, extending the attention range, and augmenting Mel spectrogram data. The training dataset included 2,973 nights of sleep recordings collected between 2013 and 2024, using either PSG microphones or smartphone microphones. All recordings were annotated with PSG for both OSA and sleep stages. The model predicts apnea or hypopnea events in 6-second intervals and uses a simple linear regression on their distribution across the predicted sleep stages to estimate the AHI. Performance was assessed by comparing the estimated AHI with the manually scored AHI from PSG.
               
               
                  Results
                  On a separate test set of 1,492 nights, the model’s estimated AHI strongly correlated with the PSG reference (r=0.97) and showed a mean estimation error of -0.74 events/hour (95% CI: -0.74 ± 11.02). As a screening tool at different AHI thresholds (≥5, ≥15, and ≥30), the model achieved accuracies of 92%, 93%, and 94%; sensitivities of 0.94, 0.94, and 0.93; specificities of 0.88, 0.91, and 0.95; and ROC AUCs of 0.97, 0.98, and 0.98, respectively. When classifying OSA severity into four categories (AHI 0 to &amp;lt; 5, 5 to &amp;lt; 15, 15 to &amp;lt; 30 and ≥ 30), it attained 81% accuracy and a macro F1 score of 0.80.
               
               
                  Conclusion
                  This sound-based AI model accurately estimates AHI using only audio data, providing a low-cost and contactless approach to OSA screening and management. Its ability to enable home-based, long-term monitoring can greatly improve patient access to diagnosis and care. Future research will focus on enhancing robustness across diverse sleep environments and varying noise conditions.
               
               
                  Support (if any)","RAYYAN-INCLUSION: {""Đặng Gia""=>""Excluded""} | USER-NOTES: {""Đặng Gia""=>[""IC-P, IC-I, IC-C, IC-E"", ""EC-S""]}",10.1093/sleep/zsaf090.1400,"",,
rayyan-642890955,Automated Detection of Sleep Apnea Using Machine Learning: A Novel Approach Using Smartphone and Microphone for Breathing Sound Analysis,,1,1,,,,,,Om Bhatt,https://doi.org/10.1101/2024.03.22.24304619,,,,"Abstract
                In this study, we evaluate the accuracy of a novel setup in the detection of apneas and hypopneas and estimating the apnea-hypopnea index (AHI). The study device setup consists of a microphone placed underneath the nose and a smartphone to collect the data. We recruited patients who were referred to the St. Josephs Hamilton Sleep Clinic for a sleep study. Data from our study device is collected simultaneously with polysomnography (PSG) in the sleep lab. A total of 26 patients were recruited, of which 2 dropped out during the data collection. Data from the microphone was too noisy for interpretation in 3 patients. Across the remaining 21 patients, the AHI based on their PSG ranged from 2 to 125 events/h, with an average AHI of 34 events/h. We used regression models trained on microphone audio data to identify noise and we developed an algorithm based on root-mean-square of the audio data for automatic detection of apneas and hypopneas. With reference to the PSG, our study device had a sensitivity of 94% and specificity of 87% in detecting apneas/hypopneas across a cumulative 120.9 hours of sleep data and more than 3700 such events. Our study device was able to accurately predict the AHI to within 4.3 events/h (+/-3.1). As such, we can conclude that our study device is accurate in identifying apneas/hypopneas, estimating the AHI and at ruling out cases of severe sleep apnea and can potentially be used as a screening test for this purpose. Our study device has the practical advantages of being very low cost and potentially more accessible as a screening tool, though further validation studies are needed to study accuracy across a larger population and for use at-home.","RAYYAN-INCLUSION: {""Đặng Gia""=>""Excluded""} | USER-NOTES: {""Đặng Gia""=>[""IC-P, IC-I, IC-C, IC-E"", ""EC-W""]}",10.1101/2024.03.22.24304619,"",,
rayyan-642890956,Detection and Classification of Obstructive Sleep Apnea Using Audio Spectrogram Analysis,2024,1,1,,,,,,Salvatore Serrano and Luca Patanè and Omar Serghini and Marco Scarpa,https://doi.org/10.3390/electronics13132567,,,,"Sleep disorders are steadily increasing in the population and can significantly affect daily life. Low-cost and noninvasive systems that can assist the diagnostic process will become increasingly widespread in the coming years. This work aims to investigate and compare the performance of machine learning-based classifiers for the identification of obstructive sleep apnea–hypopnea (OSAH) events, including apnea/non-apnea status classification, apnea–hypopnea index (AHI) prediction, and AHI severity classification. The dataset considered contains recordings from 192 patients. It is derived from a recently released dataset which contains, amongst others, audio signals recorded with an ambient microphone placed ∼1 m above the studied subjects and apnea/hypopnea accurate events annotations performed by specialized medical doctors. We employ mel spectrogram images extracted from the environmental audio signals as input of a machine-learning-based classifier for apnea/hypopnea events classification. The proposed approach involves a stacked model which utilizes a combination of a pretrained VGG-like audio classification (VGGish) network and a bidirectional long short-term memory (bi-LSTM) network. Performance analysis was conducted using a 5-fold cross-validation approach, leaving out patients used for training and validation of the models in the testing step. Comparative evaluations with recently presented methods from the literature demonstrate the advantages of the proposed approach. The proposed architecture can be considered a useful tool for supporting OSAHS diagnoses by means of low-cost devices such as smartphones.","RAYYAN-INCLUSION: {""Đặng Gia""=>""Included""} | USER-NOTES: {""Đặng Gia""=>[""IC-P, IC-I, IC-C, IC-E"", ""IC-L, IC-T, IC-Y, IC-P, IC-C, IC-E""]}",10.3390/electronics13132567,"",,
rayyan-642890974,Continuous Mobile Audio Monitoring for Sleep Apnea Detection,2026,1,1,,,,,,Jing Han and Tong Xia and Cecilia Mascolo,https://doi.org/10.1109/jbhi.2026.3685448,,,,"Audio-based sleep apnea detection methods hold great potential to improve access to diagnosis, by providing unattended sleep apnea screening at home via sound collected from mobile sensors during sleep. Our research involved a thorough comparison and evaluation of tracheal and ambient microphone recordings for sleep apnea detection with different granularities. Utilising a variety of acoustic representations and sophisticated deep learning architectures, we performed an extensive analysis on the open PSG-Audio dataset, which encompasses over 850 hours of audio data from 194 subjects. For sleep apnea classification, the most effective model showed a 90.8 % accuracy in detecting sleep apnea, 83.3 % accuracy when hypopneic and apneic events were detected separately, and 75.7 % accuracy when apneic events were further divided into three sub-categories. On overnight recordings, the model achieved a sensitivity of 0.93 and a specificity of 1.0 for moderate sleep apnea screening, and a sensitivity of 0.84 and a specificity of 0.97 for severe sleep apnea screening. This research also provided a unique study to compare and combine respiratory sounds from two different types of sensors for sleep apnea detection. The high performance of our model provides a promising avenue for enabling remote diagnosis and monitoring of sleep apnea.","RAYYAN-INCLUSION: {""Đặng Gia""=>""Excluded""} | USER-NOTES: {""Đặng Gia""=>[""IC-P, IC-I, IC-C, IC-E"", ""no access""]}",10.1109/jbhi.2026.3685448,"",,
rayyan-642890976,Could snoring sound analysis parameters be used to predict the severity of obstructive sleep apnea syndrome before polysomnography?,,1,1,,,,,,Halil Ibrahim Yakar and Handan Inönü Köseoğlu and Kürşat Yelken and Nurcan Alpüran Kocabıyık,https://doi.org/10.22541/au.171314786.63735131/v1,,,,"Aim of the study:
                  Snoring is one of the main symptoms of
obstructive sleep apnea syndrome (OSAS) patients. In this study, it was
aimed to investigate whether snoring sound parameters can be used in
pre- polysomnography (PSG) screening in patients with OSAS.
                  Methods:
                  All patients underwent full-night PSG test. Sound
parameters were measured using the PRAAT acoustic analysis program. The
relationship between these parameters and degree of OSAS, and also the
relationship between snoring sound and types of OSAS were analyzed
prospectively.
                  Results:
                  Seventy seven patients diagnosed OSAS
were included the study. It was found that the shimmer scores decreased
significantly from mild OSAS to severe OSAS (p=0.045). Although mean
pitch scores increased from mild to severe OSAS, it was not found to be
statistically significant (p=0.16). Mean pitch score was found to be
significantly higher in the severe group (p=0.022). Shimmer scores were
found significantly higher in REM-predominant OSAS patients than without
REM-predominant OSAS patients (p=0.006). Shimmer scores were
significantly higher in obese patients than in non-obese patients and in
patients over 40 years of age years than under 40 years of age (p=0.032;
p&lt;0.01; respectively). The ROC analysis was performed to
determine the cutoff value of mean Pitch (≥74.65) in predicting severe
OSAS classification (AUC=0.69; p=0.017).
                  Conclusion:
                  Our
results are important to show that, analysis of snoring sound with a
noninvasive method of acoustic voice analysis, can be applied quickly
and easily in the pre-PSG screening in especially clinically important
advanced-stage OSAS cases that should be diagnosed urgently.","RAYYAN-INCLUSION: {""Đặng Gia""=>""Excluded""} | USER-NOTES: {""Đặng Gia""=>[""IC-P, IC-I, IC-C, IC-E"", ""EC-S""]}",10.22541/au.171314786.63735131/v1,"",,
rayyan-642890986,Evaluation of a sleep sound analysis smartphone app for home obstructive sleep apnea screening among community-dwelling Chinese adults with hypertension,2026,1,1,,,,,,Timothy Noel Stephens and Yingxiu Wang and Jingzhu Guo and Jiaofeng Wang,https://doi.org/10.1007/s11325-026-03754-4,,,,"<h4>Purpose</h4>This study aimed to evaluate the validity and feasibility of home obstructive sleep apnea screening using a sleep sound analysis smartphone app compared to the STOP-BANG questionnaire (SBQ) among Chinese adults with hypertension, including the impact of screening on intention to pursue treatment.<h4>Methods</h4>A randomized cross-over trial was conducted among adults with hypertension from a hospital clinic and community health center in Haikou, China. Participants were assigned to undergo sequential screening with a sleep sound analysis smartphone app (Snail Sleep) or the SBQ followed by home sleep apnea testing. Questionnaires measured satisfaction and intention to pursue treatment.<h4>Results</h4>Among 180 participants (median age: 51.0 years, 72.2% male), 91.7% had OSA, including 28.3% with moderate OSA, and 37.2% with severe OSA (mean AHI 28.6, SD = 23.02). An app-generated apnea index (APP-AI) optimal cutoff of 7.1 achieved 72.0% sensitivity, 85.5% specificity, a 4.96 positive likelihood ratio (LR), and a 0.33 negative LR for moderate-to-severe OSA (AHI ≥ 15), with an area under the curve (AUC) of 0.831 (95% CI 0.773-0.89), outperforming the original SBQ (BMI > 35) (AUC 0.728) and modified SBQ (BMI > 28) (AUC 0.754). Participants reported high satisfaction levels. Intention to pursue treatment decreased among those given normal screening results while remaining high among those given abnormal results.<h4>Conclusion</h4>A sleep sound analysis smartphone app achieved acceptable validity and feasibility for home OSA screening in a group of Chinese adults with hypertension. Further studies should evaluate app screening in other populations and effects on patient attitudes and behavior.","RAYYAN-INCLUSION: {""Đặng Gia""=>""Excluded""} | USER-NOTES: {""Đặng Gia""=>[""IC-P, IC-I, IC-C, IC-E"", ""no access""]}",10.1007/s11325-026-03754-4,"",,
rayyan-642891048,Evaluating Prediction Models of Sleep Apnea From Smartphone-Recorded Sleep Breathing Sounds.,2022,1,1,,,,,,Cho SW and Jung SJ and Shin JH and Won TB and Rhee CS and Kim JW,https://pubmed.ncbi.nlm.nih.gov/35420648/,,,,"IMPORTANCE: Breathing sounds during sleep are an important characteristic feature of obstructive sleep apnea (OSA) and have been regarded as a potential biomarker. Breathing sounds during sleep can be easily recorded using a microphone, which is found in most smartphone devices. Therefore, it may be easy to implement an evaluation tool for prescreening purposes.
OBJECTIVE: To evaluate OSA prediction models using smartphone-recorded sounds and identify optimal settings with regard to noise processing and sound feature selection.
DESIGN, SETTING, AND PARTICIPANTS: A cross-sectional study was performed among patients who visited the sleep center of Seoul National University Bundang Hospital for snoring or sleep apnea from August 2015 to August 2019. Audio recordings during sleep were performed using a smartphone during routine, full-night, in-laboratory polysomnography. Using a random forest algorithm, binary classifications were separately conducted for 3 different threshold criteria according to an apnea hypopnea index (AHI) threshold of 5, 15, or 30 events/h. Four regression models were created according to noise reduction and feature selection from the input sound to predict actual AHI: (1) noise reduction without feature selection, (2) noise reduction with feature selection, (3) neither noise reduction nor feature selection, and (4) feature selection without noise reduction. Clinical and polysomnographic parameters that may have been associated with errors were assessed. Data were analyzed from September 2019 to September 2020.
MAIN OUTCOMES AND MEASURES: Accuracy of OSA prediction models.
RESULTS: A total of 423 patients (mean [SD] age, 48.1 [12.8] years; 356 [84.1%] male) were analyzed. Data were split into training (n = 256 [60.5%]) and test data sets (n = 167 [39.5%]). Accuracies were 88.2%, 82.3%, and 81.7%, and the areas under curve were 0.90, 0.89, and 0.90 for an AHI threshold of 5, 15, and 30 events/h, respectively. In the regression analysis, using recorded sounds that had not been denoised and had only selected attributes resulted in the highest correlation coefficient (r = 0.78; 95% CI, 0.69-0.88). The AHI (β = 0.33; 95% CI, 0.24-0.42) and sleep efficiency (β = -0.20; 95% CI, -0.35 to -0.05) were found to be associated with estimation error.
CONCLUSIONS AND RELEVANCE: In this cross-sectional study, recorded sleep breathing sounds using a smartphone were used to create reasonably accurate OSA prediction models. Future research should focus on real-life recordings using various smartphone devices.","RAYYAN-INCLUSION: {""Đặng Gia""=>""Excluded""} | USER-NOTES: {""Đặng Gia""=>[""IC-P, IC-I, IC-C, IC-E"", ""no access""]}",10.1001/jamaoto.2022.0244,"",,
rayyan-642891049,Snoring classification with deep time-frequency features.,2026,1,1,,,,,,Lu W and Han J and Lei W and Chen X and Wang Y and Wang R,https://pubmed.ncbi.nlm.nih.gov/42393127/,,,,"Snoring is a primary symptom of Obstructive Sleep Apnea (OSA), and its accurate classification is crucial for non-invasively locating upper airway obstructions. However, existing methods struggle with insufficient data, imbalanced classes, and inadequate integration of time-frequency information. To address these challenges, this paper proposes a heterogeneous integration framework combining Short-Time Fourier Transform (STFT), pre-trained CNNs, and an L2-regularized Support Vector Machine (SVM). First, STFT is employed to convert snore signals into spectrograms with a perceptually uniform Viridis colormap, preserving critical time-frequency structures. Second, deep time-frequency features are extracted from the fc7 layer of a pre-trained AlexNet, which inherently mitigates the problem of limited labeled data. Finally, an L2-regularized SVM replaces the standard softmax classifier to counteract overfitting under high-dimensional, small-sample conditions. Experiments on the Munich-Passau Snore Sound Corpus demonstrate that our method achieves a test set Unweighted Average Recall of 67.1%, outperforming state of the art methods including end to end Convolutional Neural Networks and Transformer based audio models. Ablation studies confirm that removing any single component including Short-Time Fourier Transform, pre-trained Convolutional Neural Network, or Support Vector Machine causes a significant performance drop of up to 21.3%. The proposed framework provides an effective, generalizable, and data efficient solution for snore source localization.","RAYYAN-INCLUSION: {""Đặng Gia""=>""Included""} | USER-NOTES: {""Đặng Gia""=>[""IC-P, IC-I, IC-C, IC-E"", ""IC-L, IC-T, IC-Y, IC-P, IC-C, IC-E""]}",10.1038/s41598-026-58941-w,"",,
rayyan-642891059,"Proposition of a new, minimally-invasive, software smartphone device to predict sleep apnea and its severity.",2025,1,1,,,,,,Frija J and Millet J and Béquignon E and Covali A and Cathelain G and Houenou J and Benzaquen H and Geoffroy PA and Bacry E and Grajoszex M and d'Ortho MP,https://pubmed.ncbi.nlm.nih.gov/40911165/,,,,"PURPOSE: obstructive sleep apnea is underdiagnosed due to limited access to polysomnography (PSG). We aimed to assess the performances of Apneal®, an application recording sound and movements thanks to a smartphone's microphone, accelerometer and gyroscope, to estimate patients' apnea-hypopnea index (AHI).
METHODS: monocentric proof-of-concept study with a first manual scoring step, then automatic detection of respiratory events from recorded signals using a sequential deep-learning model (version 0.1 of Apneal® automatic scoring of respiratory events, end 2022), in adult patients.
RESULTS: 46 patients (women 34%, BMI 28.7 kg/m²) were included. Sensitivity of manual scoring was 0.91 (95% CI [0.8-1]) for IAH > 15 and 0.85 [0.67-1] for AHI > 30, and positive predictive values (PPV) 0.89 [0.76-0.97] and 0.94 [0.8-1]. We obtained an AUC-ROC of 0.85 (95% CI [0.69-0.96]) and AUC-PR of 0.94 (95% CI [0.84-0.99]) for the identification of AHI > 15, and AUC-ROC of 0.95 [0.860.99] and AUC-PR of 0.93 [0.81-0.99] for AHI > 30. The ICC between the AHI estimated manually, and from the PSG is 0.89 (p = 6.7 × 10- 17), Pearson correlation 0.90 (p = 1.25 × 10- 17). Automatic scoring found sensitivity of 1 [0.95-1], PPV of 0.9 [0.8-0.9] for AHI > 15, and sensitivity 0.95 [0.84-1], PPV 0.69 [0.52-0.85] for AHI > 30. The ICC between the estimated AHI, and PSG scorings is 0.84 (p = 5.4 × 10- 11) and Pearson correlation is 0.87 (p = 1.7 × 10- 12).
CONCLUSION: Manual scoring of smartphone-based signals is possible and accurate compared to PSG-based scorings. Automatic scoring method based on a deep learning model provides promising results.
TRIAL REGISTRATION: NCT03803098.","RAYYAN-INCLUSION: {""Đặng Gia""=>""Excluded""} | USER-NOTES: {""Đặng Gia""=>[""IC-P, IC-I, IC-C, IC-E"", ""Dán Điện Thoại Lên Ngực""]}",10.1007/s11325-025-03441-w,"",,
rayyan-642891063,Obstructive Sleep Apnea Detection Based on Sleep Sounds via Deep Learning.,2022,1,1,,,,,,Wang B and Tang X and Ai H and Li Y and Xu W and Wang X and Han D,https://pubmed.ncbi.nlm.nih.gov/36394068/,,,,"PURPOSE: This study aimed to propose a novel deep-learning method for automatic sleep apneic event detection and thus to estimate the apnea hypopnea index (AHI) and identify obstructive sleep apnea (OSA) in an event-by-event manner solely based on sleep sounds obtained by a noncontact audio recorder.
METHODS: We conducted a cross-sectional study of participants with habitual snoring or heavy breathing sounds during sleep to train and test a deep convolutional neural network named OSAnet for the detection of OSA based on sleep sounds. Polysomnography (PSG) was conducted, and sleep sounds were recorded simultaneously in a regular room without noise attenuation. The study was conducted in two phases. In phase one, eligible participants were enrolled and randomly allocated into training and validation groups for deep learning algorithm development. In phase two, eligible patients were enrolled in a test group for algorithm assessment. Sensitivity, specificity, accuracy, unweighted Cohen kappa coefficient (κ) and the area under the curve (AUC) were calculated using PSG as the reference standard.
RESULTS: A total of 135 participants were randomly divided into a training group (n, 116) and a validation group (n, 19). An independent test group of 59 participants was subsequently enrolled. Our algorithm achieved a precision of 0.81 and sensitivity of 0.78 in the test group for overall sleep event detection. The algorithm exhibited robust diagnostic performance to identify severe cases with a sensitivity of 95.6% and specificity of 91.6%.
CONCLUSION: Our results showed that a deep learning algorithm based on sleep sounds recorded by a noncontact voice recorder served as a feasible tool for apneic event detection and OSA identification. This technique may hold promise for OSA assessment in the community in a relatively comfortable and low-cost manner. Further studies to develop a tool based on a home-based setting are warranted.","RAYYAN-INCLUSION: {""Đặng Gia""=>""Included""} | USER-NOTES: {""Đặng Gia""=>[""IC-P, IC-I, IC-C, IC-E"", ""IC-L, IC-T, IC-Y, IC-P, IC-C, IC-E""]}",10.2147/nss.s373367,"",,
rayyan-642891064,Automatically detecting OSAHS patients based on transfer learning and model fusion.,2024,1,1,,,,,,Ding L and Peng J and Song L and Zhang X,https://pubmed.ncbi.nlm.nih.gov/38722551/,,,,"Objective. Snoring is the most typical symptom of obstructive sleep apnea hypopnea syndrome (OSAHS) that can be used to develop a non-invasive approach for automatically detecting OSAHS patients.Approach. In this work, a model based on transfer learning and model fusion was applied to classify simple snorers and OSAHS patients. Three kinds of basic models were constructed based on pretrained Visual Geometry Group-16 (VGG16), pretrained audio neural networks (PANN), and Mel-frequency cepstral coefficient (MFCC). The XGBoost was used to select features based on feature importance, the majority voting strategy was applied to fuse these basic models and leave-one-subject-out cross validation was used to evaluate the proposed model.Main results. The results show that the fused model embedded with top-5 VGG16 features, top-5 PANN features, and MFCC feature can correctly identify OSAHS patients (AHI > 5) with 100% accuracy.Significance. The proposed fused model provides a good classification performance with lower computational cost and higher robustness that makes detecting OSAHS patients at home possible.","RAYYAN-INCLUSION: {""Đặng Gia""=>""Excluded""} | USER-NOTES: {""Đặng Gia""=>[""IC-P, IC-I, IC-C, IC-E"", ""No access""]}",10.1088/1361-6579/ad4953,"",,
rayyan-642891066,Identification of OSAHS patients based on ReliefF-mRMR feature selection.,2024,1,1,,,,,,Ye Z and Peng J and Zhang X and Song L,https://pubmed.ncbi.nlm.nih.gov/37878092/,,,,"Obstructive Sleep Apnea Hypopnea Syndrome (OSAHS) is a serious chronic sleep disorder. Snoring is a common and easily observable symptom of OSAHS patients. The purpose of this work is to identify OSAHS patients by analyzing the acoustic characteristics of snoring sounds throughout the entire night. Ten types of acoustic features, such as Mel-frequency cepstral coefficients (MFCC), linear prediction coefficients (LPC) and spectral entropy among others, were extracted from the snoring sounds. A fused feature selection algorithm based on ReliefF and Max-Relevance and Min-Redundancy (mRMR) was proposed for optimal feature set selection. Four types of machine learning models were then applied to validate the effectiveness of OSAHS patient identification. The results show that the proposed feature selection algorithm can effectively select features with high contribution, including MFCC and LPC. Based on the selected top-20 features and using a support vector machine model, the accuracies in identifying OSAHS patients under the thresholds of AHI = 5,15, and 30, were 100%, 100%, and 98.94%, respectively. This indicates that the proposed model can effectively identify OSAHS patients.","RAYYAN-INCLUSION: {""Đặng Gia""=>""Excluded""} | USER-NOTES: {""Đặng Gia""=>[""IC-P, IC-I, IC-C, IC-E"", ""No access""]}",10.1007/s13246-023-01345-1,"",,
rayyan-642891069,Amplitude spectrum trend-based feature for excitation location classification from snore sounds.,2020,1,1,,,,,,Sun J and Hu X and Chen C and Peng S and Ma Y,https://pubmed.ncbi.nlm.nih.gov/32721937/,,,,"OBJECTIVE: Successful surgical treatment of obstructive sleep apnea (OSA) depends on the precise location of the vibrating tissue. Snoring is the main symptom of OSA and can be utilized to detect the active location of tissues. However, existing approaches are limited, owing to their inability to capture the characteristics of snoring produced from the upper airway. This paper proposes a new approach to better distinguish different snoring sounds that are generated from four different excitation locations.
APPROACH: First, we propose a robust null space pursuit algorithm for extracting the trend from the amplitude spectrum of snoring. Second, a new feature from this extracted amplitude spectrum trend, which outperforms the Mel-frequency cepstral coefficient (MFCC) feature, is designed. Subsequently, the newly proposed feature, namely the trend-based MFCC (TCC), is reduced in dimensionality by using principal component analysis. Finally, a support vector machine is employed for the classification task.
MAIN RESULTS: By using the TCC, the proposed approach achieves an unweighted average recall of 87.5% on the classification of four excitation locations on the public dataset Munich Passau Snore Sound Corpus.
SIGNIFICANCE: The TCC is a promising feature for capturing the characteristics of snoring. The proposed method can effectively perform snore classification and assist in accurate OSA diagnosis.","RAYYAN-INCLUSION: {""Đặng Gia""=>""Excluded""} | USER-NOTES: {""Đặng Gia""=>[""IC-P, IC-I, IC-C, IC-E"", ""No access""]}",10.1088/1361-6579/abaa34,"",,
rayyan-642891076,Snoring: a source of noise pollution and sleep apnea predictor.,2020,1,1,,,,,,Sowho M and Sgambati F and Guzman M and Schneider H and Schwartz A,https://pubmed.ncbi.nlm.nih.gov/31837267/,,,,"Snoring is a highly prevalent condition associated with obstructive sleep apnea (OSA) and sleep disturbance in bed partners. Objective measurements of snoring in the community, however, are limited. The present study was designed to measure sound levels produced by self-reported habitual snorers in a single night. Snorers were excluded if they reported nocturnal gasping or had severe obesity (BMI > 35 kg/m2). Sound was measured by a monitor mounted 65 cm over the head of the bed on an overnight sleep study. Snoring was defined as sound ≥40 dB(A) during flow limited inspirations. The apnea hypopnea index (AHI) and breath-by-breath peak decibel levels were measured. Snore breaths were tallied to determine the frequency and intensity of snoring. Regression models were used to determine the relationship between objective measures of snoring and OSA (AHI ≥ 5 events/h). The area under the curve (AUC) for the receiver operating characteristic (ROC) was used to predict OSA. Snoring intensity exceeded 45 dB(A) in 66% of the 162 participants studied, with 14% surpassing the 53 dB(A) threshold for noise pollution. Snoring intensity and frequency were independent predictors of OSA. AUCs for snoring intensity and frequency were 77% and 81%, respectively, and increased to 87% and 89%, respectively, with the addition of age and sex as predictors. Snoring represents a source of noise pollution in the bedroom and constitutes an important target for mitigating sound and its adverse effects on bed partners. Precise breath-by-breath identification and quantification of snoring also offers a way to risk stratify otherwise healthy snorers for OSA.","RAYYAN-INCLUSION: {""Đặng Gia""=>""Included""} | USER-NOTES: {""Đặng Gia""=>[""IC-P, IC-I, IC-C, IC-E"", ""IC-L, IC-T, IC-Y, IC-P, IC-C, IC-E""]}",10.1093/sleep/zsz305,"",,
rayyan-642891078,Pioneering Contactless Sleep Apnea Detection: Harnessing the Power of Smartphones.,2025,1,1,,,,,,Zhou G and Li Y and Yan H and Zhao W and Zhang Y and Zeng Z,https://pubmed.ncbi.nlm.nih.gov/41336929/,,,,"Obstructive Sleep Apnea (OSA) is a prevalent sleep disorder marked by disrupted sleep and intermittent hypoxia, which is significantly associated with increased cardiovascular risks, including hypertension, atrial fibrillation, and heart failure. Early recognition and appropriate treatment of OSA are essential to mitigate these health risks. This study presents a novel contactless screening system designed to assess OSA risk using commercially available smartphones equipped with inertial measurement units (IMU) and microphones (MIC). By capturing sleep-related physiological signals, including respiration patterns, heart rate, and snoring, the system computes a Respiratory Event Index (REI). A clinical trial with 293 participants was conducted to validate the system, revealing a strong correlation (r = 0.887) between the estimated REI and the Apnea-Hypopnea Index (AHI) derived from polysomnography (PSG). The system achieved a sensitivity of 84.11% and a specificity of 92. 91% to identify severe OSA. Furthermore, the study examined an IMU-only mode to address audio privacy concerns, confirming the utility of motion-based data for screening. These findings underscore the effectiveness of smartphone sensors in providing a reliable alternative for OSA screening, promising improved early detection and intervention strategies in clinical practice.","RAYYAN-INCLUSION: {""Đặng Gia""=>""Excluded""} | USER-NOTES: {""Đặng Gia""=>[""IC-P, IC-I, IC-C, IC-E"", ""no access""]}",10.1109/embc58623.2025.11252641,"",,
rayyan-642891082,Automatic snoring detection using a hybrid 1D-2D convolutional neural network.,2023,1,1,,,,,,Li R and Li W and Yue K and Zhang R and Li Y,https://pubmed.ncbi.nlm.nih.gov/37640790/,,,,"Snoring, as a prevalent symptom, seriously interferes with life quality of patients with sleep disordered breathing only (simple snorers), patients with obstructive sleep apnea (OSA) and their bed partners. Researches have shown that snoring could be used for screening and diagnosis of OSA. Therefore, accurate detection of snoring sounds from sleep respiratory audio at night has been one of the most important parts. Considered that the snoring is somewhat dangerously overlooked around the world, an automatic and high-precision snoring detection algorithm is required. In this work, we designed a non-contact data acquire equipment to record nocturnal sleep respiratory audio of subjects in their private bedrooms, and proposed a hybrid convolutional neural network (CNN) model for the automatic snore detection. This model consists of a one-dimensional (1D) CNN processing the original signal and a two-dimensional (2D) CNN representing images mapped by the visibility graph method. In our experiment, our algorithm achieves an average classification accuracy of 89.3%, an average sensitivity of 89.7%, an average specificity of 88.5%, and an average AUC of 0.947, which surpasses some state-of-the-art models trained on our data. In conclusion, our results indicate that the proposed method in this study could be effective and significance for massive screening of OSA patients in daily life. And our work provides an alternative framework for time series analysis.","RAYYAN-INCLUSION: {""Đặng Gia""=>""Excluded""} | USER-NOTES: {""Đặng Gia""=>[""IC-P, IC-I, IC-C, IC-E"", ""EC-1""]}",10.1038/s41598-023-41170-w,"",,
rayyan-642891083,Automatic classification of excitation location of snoring sounds.,2021,1,1,,,,,,Sun J and Hu X and Peng S and Peng CK and Ma Y,https://pubmed.ncbi.nlm.nih.gov/33560203/,,,,"STUDY OBJECTIVES: For surgical treatment of patients with obstructive sleep apnea-hypopnea syndrome, it is crucial to locate accurately the obstructive sites in the upper airway; however, noninvasive methods for locating the obstructive sites have not been well explored. Snoring, as the cardinal symptom of obstructive sleep apnea-hypopnea syndrome, should contain information that reflects the state of the upper airway. Through the classification of snores produced at four different locations, this study aimed to test the hypothesis that snores generated by various obstructive sites differ.
METHODS: We trained and tested our model on a public data set that comprised 219 participants. For each snore episode, an acoustic and a physiological feature were extracted and concatenated, forming a 59-dimensional fusion feature. A principal component analysis and a support machine vector were used for dimensional reduction and snore classification. The performance of the proposed model was evaluated using several metrics: sensitivity, precision, specificity, area under the receiver operating characteristic curve, and F1 score.
RESULTS: The unweighted average values of sensitivity, precision, specificity, area under the curve, and F1 were 86.36%, 89.09%, 96.4%, 87.9%, and 87.63%, respectively. The model achieved 98.04%, 80.56%, 72.73%, and 94.12% sensitivity for types V (velum), O (oropharyngeal), T (tongue), and E (epiglottis) snores.
CONCLUSIONS: The characteristics of snores are related to the state of the upper airway. The machine-learning-based model can be used to locate the vibration sites in the upper airway.","RAYYAN-INCLUSION: {""Đặng Gia""=>""Included""} | USER-NOTES: {""Đặng Gia""=>[""IC-P, IC-I, IC-C, IC-E"", ""IC-L, IC-T, IC-Y, IC-P, IC-C, IC-E""]}",10.5664/jcsm.9094,"",,
rayyan-642891091,"PSG-Audio, a scored polysomnography dataset with simultaneous audio recordings for sleep apnea studies.",2021,1,1,,,,,,Korompili G and Amfilochiou A and Kokkalas L and Mitilineos SA and Tatlas NA and Kouvaras M and Kastanakis E and Maniou C and Potirakis SM,https://pubmed.ncbi.nlm.nih.gov/34344893/,,,,"The sleep apnea syndrome is a chronic condition that affects the quality of life and increases the risk of severe health conditions such as cardiovascular diseases. However, the prevalence of the syndrome in the general population is considered to be heavily underestimated due to the restricted number of people seeking diagnosis, with the leading cause for this being the inconvenience of the current reference standard for apnea diagnosis: Polysomnography. To enhance patients' awareness of the syndrome, a great endeavour is conducted in the literature. Various home-based apnea detection systems are being developed, profiting from information in a restricted set of polysomnography signals. In particular, breathing sound has been proven highly effective in detecting apneic events during sleep. The development of accurate systems requires multitudinous datasets of audio recordings and polysomnograms. In this work, we provide the first open access dataset, comprising 212 polysomnograms along with synchronized high-quality tracheal and ambient microphone recordings. We envision this dataset to be widely used for the development of home-based apnea detection techniques and frameworks.","RAYYAN-INCLUSION: {""Đặng Gia""=>""Included""} | USER-NOTES: {""Đặng Gia""=>[""IC-L, IC-T, IC-Y, IC-P, IC-C, IC-E""]}",10.1038/s41597-021-00977-w,"",,
rayyan-642891092,An OSAHS evaluation method based on multi-features acoustic analysis of snoring sounds.,2021,1,1,,,,,,Jiang Y and Peng J and Song L,https://pubmed.ncbi.nlm.nih.gov/34217922/,,,,"Snoring is the most direct symptom of obstructive sleep apnea hypopnea syndrome (OSAHS) and implies a lot of information about OSAHS symptoms. This paper aimed to identify OSAHS patients by analyzing acoustic features derived from overnight snoring sounds. Mel-frequency cepstral coefficients, 800 Hz power ratio, spectral entropy and other 10 acoustic features were extracted from snores, and Top-6 features were selected from the extracted 10 acoustic features by a feature selection algorithm based on random forest, then 5 kinds of machine learning models were applied to validate the effectiveness of Top-6 features on identifying OSAHS patients. The results showed that when the classification performance and computing efficiency were taken into account, the combination of logistic regression model and Top-6 features performed best and could successfully distinguish OSAHS patients from simple snorers. The proposed method provides a higher accuracy for evaluating OSAHS with lower computational complexity. The method has great potential prospect for the development of a portable sleep snore monitoring device.","RAYYAN-INCLUSION: {""Đặng Gia""=>""Excluded""} | USER-NOTES: {""Đặng Gia""=>[""IC-P, IC-I, IC-C, IC-E"", ""no access""]}",10.1016/j.sleep.2021.06.012,"",,
rayyan-642891102,Auditory Receptive Field Net Based Automatic Snore Detection for Wearable Devices.,2023,1,1,,,,,,Hu X and Sun J and Dong J and Zhang X,https://pubmed.ncbi.nlm.nih.gov/35377849/,,,,"Although obstructive sleep apnea and hypopnea syndrome (OSAHS) is a common sleep disease, it is sometimes difficult to be detected in time because of the inconvenience of polysomnography (PSG) examination. Since snoring is one of the earliest symptoms of OSAHS, it can be used for early OSAHS prediction. With the recent development of wearable and IoT sensors, we proposed a deep learning-based accurate snore detection model for long-term home monitoring of snoring during sleep. To enhance the discriminability of features between snoring and non-snoring events, an auditory receptive field (ARF) net was proposed and integrated into the feature extraction network. Based on the feature maps derived by the feature extraction network, the detection model predicted a series of candidate boxes and corresponding confidence scores for each candidate box, which denoted whether the candidate box contained a snore event from the input sound waveforms. A snore detection dataset with a total duration of more than 4600 min was developed to evaluate the proposed model. The experimental results on this dataset revealed that the proposed model outperformed other traditional approaches and deep learning models.","RAYYAN-INCLUSION: {""Đặng Gia""=>""Excluded""} | USER-NOTES: {""Đặng Gia""=>[""IC-P, IC-I, IC-C, IC-E"", ""No access""]}",10.1109/jbhi.2022.3164517,"",,
rayyan-642891105,SST: a snore shifted-window transformer method for potential obstructive sleep apnea patient diagnosis.,2024,1,1,,,,,,Luo J and Zhao Y and Liu H and Zhang Y and Shi Z and Li R and Hei X and Ren X,https://pubmed.ncbi.nlm.nih.gov/38316023/,,,,"Objective.Obstructive sleep apnea (OSA) is a high-incidence disease that is seriously harmful and potentially dangerous. The objective of this study was to develop a noncontact sleep audio signal-based method for diagnosing potential OSA patients, aiming to provide a more convenient diagnostic approach compared to the traditional polysomnography (PSG) testing.Approach.The study employed a shifted window transformer model to detect snoring audio signals from whole-night sleep audio. First, a snoring detection model was trained on large-scale audio datasets. Subsequently, the deep feature statistical metrics of the detected snore audio were used to train a random forest classifier for OSA patient diagnosis.Main results.Using a self-collected dataset of 305 potential OSA patients, the proposed snore shifted-window transformer method (SST) achieved an accuracy of 85.9%, a sensitivity of 85.3%, and a precision of 85.6% in OSA patient classification. These values surpassed the state-of-the-art method by 9.7%, 10.7%, and 7.9%, respectively.Significance.The experimental results demonstrated that SST significantly improved the noncontact audio-based OSA diagnosis performance. The study's findings suggest a promising self-diagnosis method for potential OSA patients, potentially reducing the need for invasive and inconvenient diagnostic procedures.","RAYYAN-INCLUSION: {""Đặng Gia""=>""Excluded""} | USER-NOTES: {""Đặng Gia""=>[""IC-P, IC-I, IC-C, IC-E"", ""No access""]}",10.1088/1361-6579/ad262b,"",,
rayyan-642891107,Application study of apnea-hypopnea duration for assessing adult obstructive sleep apnea.,2024,1,1,,,,,,Cheng W and Xu C and Wang F and Ding Y and Tu J and Xia L,https://pubmed.ncbi.nlm.nih.gov/38848202/,,,,"BACKGROUND: Obstructive sleep apnea (OSA) is a common sleep disordered breathing disorder, which can cause serious damage to multiple human systems. Although polysomnography (PSG) is the current gold standard for diagnosis, it is complex and expensive. Therefore, it is of great significance to find a simple, economical and rapid primary screening and diagnosis method to replace PSG for the diagnosis of OSA.
OBJECTIVE: The purpose of this study is to propose a new method for the diagnosis and classification of OSA, which is used to automatically detect the duration of sleep apnea hypopnea events (AHE), so as to estimate the ratio(S) of the total duration of all-night AHE to the total sleep time only based on the sound signal of sleep respiration, and to identify OSA.
METHODS: We performed PSG tests on participants and extracted relevant sleep breathing sound signal data. This study is carried out in two stages. In the first stage, the relevant PSG report data of eligible subjects were recorded, the total duration of AHE in each subject's data was extracted, and the S value was calculated to evaluate the severity of OSA. In the second stage, only the sleep breath sound signal data of the same batch of subjects were used for automatic detection, and the S value in the sleep breath sound signal was extracted, and the S value was compared with the PSG diagnosis results to calculate the accuracy of the experimental method.
RESULTS: Among 225 subjects. Using PSG as the reference standard, the S value extracted from the PSG diagnostic data report can accurately diagnose OSA(accuracy rate 99.56%) and distinguish its severity (accuracy rate 95.11%). The accuracy of the S value detected in the sleep breathing sound signal in the diagnosis of severe OSA reached 100%.
CONCLUSION: The results show that the experimental parameter S value is feasible in OSA diagnosis and classification. OSA can be identified and evaluated only by sleep breathing sounds. This method helps to simplify the diagnostic grading of traditional OSA and lays a foundation for the subsequent development of simple diagnostic grading equipment.","RAYYAN-INCLUSION: {""Đặng Gia""=>""Excluded""} | USER-NOTES: {""Đặng Gia""=>[""IC-P, IC-I, IC-C, IC-E"", ""no access""]}",10.3233/thc-231900,"",,
